,logFC,AveExpr,t,P.Value,adj.P.Val,B
ABHD8,0.05192719126853,7.23415849563281,1.32646163996808,0.186642554224325,0.667798234583347,-4.95741621227792
ABL1,-0.0505679623645205,7.73072925268055,-2.00338328051762,0.0468831234218649,0.450350450459773,-3.95628610400737
ACD,0.0251023737375071,7.67853074593653,0.716444784777948,0.474797392598456,0.851337676757661,-5.51775725517348
AKT1,-0.070049587448958,9.26388945485114,-1.43987516164701,0.151924175717037,0.627358143236139,-4.81712091226738
AKT2,-0.0160667933799621,7.95913999780798,-0.72042771598054,0.472349327663881,0.84980021619892,-5.51517269772396
AKT3,-0.255794103585192,6.78606926840308,-3.08777162664934,0.00239094103485241,0.210706422626994,-1.56902640046515
ANAPC10,-0.131291631698623,6.14349220977142,-1.82056216657144,0.0706068202426845,0.510760998029165,-4.26510514033112
ANAPC2,-0.026404388671196,7.64607483390234,-0.377701537982686,0.706170254944696,0.93705957348302,-5.68536379732787
ANAPC5,0.0761871055262784,9.58117664601059,1.8198680862278,0.070713037429564,0.511067567926839,-4.26622403408119
ARG2,-0.0661488245465636,6.40786377132404,-1.23339321351677,0.219300669520875,0.702774786251022,-5.06415790208595
ARHGAP28,0.00765186776115723,4.91586701100767,0.350359511885745,0.726545704256459,0.941403512836409,-5.6943783719017
ARHGEF10L,0.0920488594135467,8.54778010751745,1.60900948514528,0.109653975793792,0.57505121470515,-4.58719823096135
ARID1A,-0.0428595192621373,9.18676749064727,-1.25639251536458,0.210868449078968,0.695497028302751,-5.03848531374308
ASF1A,-0.167435957816426,7.48801628290467,-1.41642751343472,0.158661703954421,0.638557289130081,-4.84704356406127
ATM,0.0841904564916138,8.2007199975326,0.939803875294037,0.348783910030949,0.786534633830962,-5.35090413581704
ATR,0.0246216283756162,6.71606155431267,0.362008085128499,0.717840220215565,0.94055067554731,-5.6906205037172
ATXN7L3B,-0.0147839732494308,8.34728131476356,-0.308794669542636,0.757893364839431,0.951959208809217,-5.70678725993712
B2M,-0.00219812401795139,12.9851236694116,-0.0447986095936798,0.964325633018233,0.992457653809829,-5.74908405732106
BCL6,0.017189781646417,9.69392774272375,0.298410021045749,0.765790855064664,0.954252233715411,-5.70964352581382
BMPR1A,-0.0200102672862492,5.58517780868159,-0.36124711597783,0.718407811966294,0.94055067554731,-5.69086974002904
BRCA2,-0.0456635114153103,4.96866106441742,-1.65239014420217,0.100484120700743,0.560851962185047,-4.52426077517798
BTRC,-0.0123839544287314,7.05548495914586,-0.463207332788368,0.64386702987555,0.917840145472719,-5.65281389879559
CABIN1,0.012895196801515,7.87090015275087,0.235654953105392,0.814012245749105,0.963531854002899,-5.72482717135919
CACNA1D,-0.0141527380809556,6.00501973149482,-0.762630324653501,0.446845684835554,0.837232571314492,-5.48691365263001
CALM1,-0.0121321526326774,8.06181331815222,-0.309020761558238,0.757721702697765,0.951959208809217,-5.70672398878458
CALML3,0.000853559565997308,6.42178623244158,0.0244531229285313,0.980522702553498,0.995962172937033,-5.74972268980224
CALML4,-0.0953765606325288,8.35280316544999,-1.98788296745042,0.0485900623263099,0.458795962645701,-3.98355418175396
CALML5,-0.0616483039578757,6.22758333859988,-1.66792422156942,0.0973545734466463,0.553237043782784,-4.50133202700878
CALR,-0.0515392465975371,9.17550533682459,-1.33587497586956,0.18355290170103,0.662870539586781,-4.94619808397878
CAPN1,-0.0262473628908353,8.80435381096,-0.618381726417307,0.537233533602651,0.88145484796278,-5.57690058030692
CAPN2,0.043409630816706,9.8438270419851,1.42567475191786,0.155977790177079,0.633885381137103,-4.83529971707723
CBX2,0.0290893651147366,6.71028222942631,0.789107569745153,0.431257370271603,0.83236455227146,-5.4683701530833
CBX4,-0.00360570341333588,7.43224550063972,-0.0778053025280395,0.938083515145174,0.987246787569595,-5.7472498425067
CBX6,0.0278351602780678,8.52006636724781,0.618508729970653,0.537150056643567,0.88145484796278,-5.57682956959115
CBX8,0.0268975775628393,7.06465652366938,0.773729016843938,0.440272330613689,0.834402455452042,-5.47921699590472
CCNA1,0.0386287376377927,5.52106510265495,1.0197389114107,0.309445077387691,0.765273527686618,-5.28038808110626
CCNA2,-0.0509805323818826,6.01110355637003,-1.18416565322513,0.23816451628804,0.718288253995584,-5.11754645181219
CCNB1,-0.0283054235943849,5.63010100709054,-1.02372271105752,0.307565116610203,0.76405646869646,-5.27672533216164
CCNB2,0.0631997694502653,5.43646230883748,1.24520435335931,0.214940310287959,0.699392514291676,-5.05103186367449
CCND1,-0.0563519885446819,6.31323606510908,-1.80531273940513,0.0729711386973088,0.513805658906098,-4.28959422938974
CCND2,-0.0486217619618756,7.38424857199832,-0.667445358352037,0.505482550414162,0.866223266407489,-5.54838894463617
CCND3,-0.0186811061668539,10.9554433132811,-0.333532670647782,0.739184073444257,0.94487969723598,-5.69959014427725
CCNE1,-0.0330161019727662,5.70441174559843,-0.983022032327517,0.327132161916771,0.775145269657869,-5.31348315698001
CCNE2,-0.0132283170696814,4.93891302919805,-0.269993723767859,0.787525070712337,0.958527523104505,-5.71696048750421
CDC16,0.0474911130962301,8.3265016426729,1.24085273799627,0.216539412666657,0.699653295995396,-5.0558821704121
CDC23,-0.00507753597422855,7.2596942626239,-0.0903365216419263,0.928136707013779,0.986276137022507,-5.74629484236716
CDC25A,0.0116692980709026,6.17534121968258,0.486398019062647,0.627373631722925,0.912646452939731,-5.64284798594432
CDC27,-0.0207680355963262,7.42715982788894,-0.535526625251007,0.593055132792771,0.901430091095088,-5.62013353139886
CDK1,0.03679718602252,4.65925864255064,0.801227016358381,0.424229668032215,0.828072610283838,-5.45967296242667
CDK2,0.040021163354174,7.02776744416988,1.41480588645422,0.159135980641554,0.638845238266021,-4.84909535144392
CDK4,0.000989750099614994,8.35117163282275,0.0161012729157255,0.987174353960108,0.99731415431802,-5.74987621356209
CDK6,0.0537609713845617,6.92604904186537,1.21627327924349,0.225734186057591,0.708204450931941,-5.0829663884723
CDKN1A,0.0772755591543373,9.40961295581491,1.12507449347506,0.262300761711429,0.735507918119675,-5.17881611498403
CDKN1B,-0.0137018395542157,9.54178205114854,-0.205629722032707,0.837350620325938,0.967430424990133,-5.73083075442976
CDKN2A,0.0862097829569359,6.40485442589501,2.71515203806241,0.00737801208054026,0.273998147633174,-2.49332007505773
CDKN2B,0.0449202826975759,6.7227732674674,1.00412849496872,0.316885394391827,0.771285535612127,-5.29460484293452
CDKN2C,0.032396858345245,6.23954209642789,1.21646273947959,0.225662251922712,0.708204450931941,-5.08275964999358
CDKN2D,-0.0260168312504803,7.77665105705568,-0.35248467795647,0.724954774756882,0.941403512836409,-5.69370193533064
CEBPB,-0.0477360833559182,11.4995764541014,-0.922737896453531,0.35758134071223,0.79070400501048,-5.36522346137775
CHEK1,-0.03364747323364,4.94706017958313,-0.821802506348216,0.412454619073833,0.821704521611994,-5.44460677695258
CHEK2,0.0335538312341246,6.29662064991261,1.37261315701633,0.171860170203275,0.650820142738409,-4.90167674400082
CITED2,-0.0825431123021296,9.97082051600637,-1.54074111915103,0.125423713221425,0.596447499619143,-4.6829720527085
CLK2,0.119811465132075,9.40341826347322,1.84156273938012,0.0674550020040651,0.503367701118456,-4.23105879921911
CPN1,0.0512512742699318,7.12321702388109,0.800782592616073,0.424486175922863,0.828072610283838,-5.45999421122997
DDX54,-0.0518302819597816,8.01861434413363,-0.982569480188882,0.327354220170647,0.775145269657869,-5.31388360358065
DNAJA3,0.0318605354312966,8.00432047192973,1.24392755231384,0.215408607167679,0.699392514291676,-5.05245670682689
E2F1,-0.0250068095989739,7.18527141514808,-0.698082968896354,0.486173735364028,0.856800884999275,-5.52948841729996
E2F2,0.0359810983121021,6.75604573987874,1.2065763037942,0.229438025620503,0.71249078135152,-5.09350558894794
E2F3,-0.0682726985236295,7.94821415038546,-1.3974250287244,0.164287581900262,0.644612086678058,-4.87094324069275
E2F4,0.04794037098352,9.10196926634839,1.37451796201087,0.171269634156623,0.650180518863298,-4.89933632500829
E2F5,0.0252970084270814,5.13787670493316,0.525919924502938,0.599697275370436,0.903984076773884,-5.62474627932781
EED,0.0243627523545449,7.06707853688857,0.464278146268327,0.643101462733844,0.917646901142342,-5.65236441535299
EEF1E1,-0.0919677881361691,6.00807650711158,-1.30851136037295,0.192641452935763,0.673941617327885,-4.97859357244289
EHMT1,0.0121226593307062,7.41182580215481,0.327016092092732,0.744097963353881,0.946744822645274,-5.70153973798419
EHMT2,0.00256837204585736,7.58397278045583,0.080896311404882,0.935629021501585,0.986537260180269,-5.7470275020736
EIF4EBP1,0.048678898766978,8.99805492281884,0.949603774145528,0.343795405058793,0.784700014329036,-5.34256434126547
ELAVL1,0.0232878185551399,8.62945986740056,0.670097148338354,0.503795337802909,0.865832445591007,-5.54678634890888
EP400,0.0520450374919559,7.95507913623838,1.18643859022815,0.237268821927129,0.718288253995584,-5.11512830254243
ERF,0.0547936616600513,7.32940107059439,1.24161746036565,0.216257773214835,0.699653295995396,-5.05503101456306
ETS1,-0.0321280603949647,6.78695197993864,-0.243893369352776,0.80763669157133,0.961725569672742,-5.72303716372554
ETS2,0.0284120835273285,8.76131786313767,0.53817298693872,0.591231415873352,0.901171399019588,-5.61884824700752
EZH2,0.0403717657152214,6.17754881705748,1.08630705804468,0.279033672372951,0.745701539838568,-5.21733955143863
FBXO5,-0.0641365995401406,5.75090910582384,-1.03298117651464,0.303225575215287,0.762371505681698,-5.26815865786479
FBXW11,-0.0139262876159414,7.87102972380753,-0.589933800611514,0.55609608949497,0.886348645134323,-5.59244093520102
FHIT,0.0360821403004286,6.9200344583891,0.885680590272619,0.377164905818315,0.805209786233089,-5.39542366626087
FOS,-0.0606221791519506,11.6268650695157,-0.506359146575863,0.613325740322904,0.908320967424857,-5.63388146568892
FOXM1,-0.0386293807990459,6.33492525498841,-1.32344037302391,0.187642375766054,0.668483518788046,-4.96100033863583
FOXO1,0.214836279198231,8.62468672699493,3.19775267478796,0.00168002105589579,0.192741288618286,-1.27636065130779
FOXO3,0.258994547634231,8.65317241034201,4.67874240004568,6.25654829596955e-06,0.0372791786947919,3.46678969458603
FRS3,0.0490700243649176,7.27606166058094,1.47182376171077,0.143100755655536,0.614934516563109,-4.77558240469862
FZR1,-0.0616337090240568,7.44839610651837,-1.1397627593393,0.256147562149907,0.730242159418684,-5.16387374650532
GADD45A,0.00878717746538982,6.94738785370498,0.196145382877271,0.844753910253016,0.969017410789492,-5.73255747374853
GADD45B,0.147771956978501,8.45439490459732,2.49929981493178,0.013488174226442,0.325305292840985,-2.97985454639864
GADD45G,0.0299692759542118,6.24222061933323,1.02537437152437,0.306787938793911,0.763463306223125,-5.27520265159675
GATA4,0.00229618967284839,6.42596776866616,0.0672363264649151,0.946480423520502,0.988648996194721,-5.74794465170346
GNAO1,0.0700061780158876,6.55696227398546,1.3508665210574,0.178711585392952,0.659872119692011,-4.92817262391845
GRP,-0.00763938707092748,6.87574959908273,-0.169783071061168,0.865402660722964,0.973175571113317,-5.73692898994847
GTF2E1,0.0164576934512812,7.3725032983226,0.289119271895506,0.772877358475401,0.955372761581763,-5.71211621837514
HIPK1,-0.124830001299085,9.83841837554703,-3.60758255315058,0.000416694330314249,0.15697699016225,-0.109215922916706
HIPK2,-0.0706498229518129,8.16689432560257,-2.32394096358044,0.0214304830847861,0.361647544336573,-3.34793916189742
HIPK3,-0.149830807042509,8.34617895251682,-1.75469996698791,0.081291310442827,0.523514335156042,-4.36946257369728
HIRA,-0.134234556181817,7.42072008247636,-2.9234775021988,0.00398168323936959,0.246572415828602,-1.98951522186691
HLA-B,-0.00938598217158848,13.6743007803461,-0.288146451331883,0.7736204944079,0.955385458302315,-5.71237061284444
HLA-E,0.133342082952421,11.5977656547666,2.59786729962488,0.0102868357177839,0.296688373533175,-2.76221646955918
HLA-F,0.0918746709428007,10.1690831811915,1.48406505028989,0.139827181178856,0.612501402193928,-4.75943246656553
HMGA1,0.0913062485200964,8.16313310041893,1.02058985559979,0.3090428730839,0.764948603294523,-5.27960689549947
HMGA2,-0.0482848492003667,6.34760197854941,-1.48680297656789,0.139103027003482,0.612501402193928,-4.75580257871792
HMGN1,0.0443202757101613,9.02968135151714,0.587237623991253,0.557900591520197,0.88745961592148,-5.5938760143624
HRAS,-0.0413626862096486,6.87605405186801,-0.697868206663686,0.48630766956002,0.856800884999275,-5.52962383720748
HUS1,0.0153009922364413,7.85565040163358,0.4840668017102,0.629023319246177,0.913846817562481,-5.64387173245031
ID1,0.0163638709080125,6.02833576857571,0.276306391110539,0.782681699525617,0.957707694915356,-5.71539816690222
ID2,0.0815709346026985,10.812617893398,1.29804100019285,0.196206037043725,0.676396099141112,-4.99081625385168
IFNB1,0.0239252662458469,5.12043322891967,0.50068004633127,0.61730821110368,0.909565279018629,-5.63646908278388
IGF1R,-0.0827712704669255,6.23068238222162,-1.74221488213315,0.083459111065687,0.527750551978012,-4.38883030684066
IGFBP3,0.0694443492024464,6.54642110400594,2.4769716655467,0.0143266769473197,0.328182916255535,-3.0280872446051
IGFBP7,-0.103516309482945,8.21811073885595,-1.57576431727301,0.117123819289119,0.584882571929437,-4.63433851367636
IL1A,-0.0120723586216442,5.34676746189423,-0.367102789899707,0.714044244979131,0.93934373170978,-5.68893837695919
IL6,-0.0164569897128182,5.58145621625818,-0.424244992892512,0.6719767813684,0.928618382638976,-5.66846473901067
ING2,-0.0162843409321534,6.68390356537769,-0.364145848603824,0.716246547086297,0.940527828697604,-5.68991753207963
ITPR1,-0.0874802981571232,7.44363804872019,-1.80625535998589,0.0728231187974352,0.513762960521028,-4.28808617300623
ITPR2,-0.0654447457765901,7.34264061860556,-1.52299269336368,0.129802979705604,0.60055511943793,-4.70721424818719
ITPR3,0.071512189660357,6.73431665591294,1.18883690965028,0.236326326788439,0.718288253995584,-5.11257183258698
JUN,-0.120964543159619,7.31071926789675,-1.12177890935158,0.263695391010621,0.735575266856261,-5.18214256780954
KAT5,0.0268642392662048,8.34545259251007,0.948827385701176,0.344188929137175,0.784700014329036,-5.34322816967791
KDM6B,-0.0169628272021862,7.99412658988757,-0.333158357171519,0.73946603950054,0.94487969723598,-5.69970316899055
KPNB1,-0.0763063349049116,8.82835177511387,-2.35393810582565,0.0198330066102674,0.35516058885877,-3.28672349247629
KRAS,-0.152015917576778,7.75138412977435,-2.34130082441948,0.0204927357488206,0.35516058885877,-3.31260109134994
KYNU,0.11779196128788,8.70308132922456,1.58378629125565,0.115285424384475,0.583468255408025,-4.62305058910883
LIN37,-0.082791357915756,7.42889044838371,-1.91545928880807,0.057279646144848,0.476946375617127,-4.1083041884645
LLPH,0.0322991780891169,5.82570399041873,0.434634178212833,0.66443390610745,0.925966327451538,-5.66442548918627
LMNA,-0.0506344625082118,8.15514409160886,-0.828752404146823,0.408521915399014,0.820452442848527,-5.43943230411338
LMNB1,-0.0602383191253004,7.61585197787482,-1.07622006043299,0.283505097286806,0.749210686683331,-5.22714534125507
MAP2K1,0.0693830760382212,10.135264138782,1.31830692303684,0.189350322421344,0.671171592672187,-4.96707186599709
MAP2K2,0.0140099313511701,7.62467083879884,0.30431983053584,0.76129339176883,0.952337453056458,-5.70803001407937
MAP2K4,-0.0125885626150577,7.86677974183971,-0.367869071318074,0.713473917099955,0.939231105569401,-5.68868334269696
MAP2K6,0.00580075356716225,6.91054194837138,0.106176311904654,0.915580081958319,0.98400174419227,-5.74488403849291
MAP2K7,0.0310121369211505,7.15491638872548,0.682971382722725,0.495646892629222,0.862314627322334,-5.53891614132258
MAP3K3,0.160190165250436,9.09672629526406,3.22036143382833,0.00156070143735007,0.188938827454757,-1.21510057213855
MAP3K5,-0.0974708679006202,8.99748031072721,-2.3216332690973,0.0215579395407501,0.361710426865147,-3.35261842332696
MAP4K4,-0.0256918594636755,8.37213697469507,-0.591372382678898,0.555134450380113,0.885727881196971,-5.59167255277992
MAPK1,-0.0521150479357377,10.1652744394649,-1.07453154256205,0.284258355304499,0.749875339768147,-5.22877799476397
MAPK10,-0.0229493501712152,6.04734878100537,-0.698496549114378,0.485915867186201,0.856800884999275,-5.52922751467434
MAPK11,0.0120071670292097,7.01915200990474,0.352213380406534,0.725157805379128,0.941403512836409,-5.69378851622829
MAPK12,0.00782524287810737,6.89895023035663,0.217546474540776,0.828069287516618,0.965388969874857,-5.72854569691288
MAPK13,0.0374679583401756,6.51841852764167,0.792826160600789,0.429093854775515,0.830692015884129,-5.4657155782366
MAPK14,-0.066448578104545,9.0736399750294,-1.3850874703684,0.168020671792329,0.647125271905815,-4.88629225954695
MAPK3,-0.061673087506902,9.30686846135845,-1.41314028175258,0.159624246320338,0.639822008935828,-4.8512004042108
MAPK7,0.0521527242227542,7.53023029775188,1.35741305828549,0.176627809392079,0.657372957209531,-4.92023974874806
MAPK8,0.0210532425487937,7.25741091739521,0.468603510170675,0.64001298750843,0.916639263935717,-5.65053827479232
MAPK9,-0.039789341286796,7.66742243555641,-0.558095643055291,0.577586219464582,0.894773367067245,-5.6089696918808
MAPKAPK2,0.00013735929028158,8.25772951284118,0.00347478151105941,0.997232009804601,0.999121558862247,-5.74998825114506
MAPKAPK3,-0.00470408911378328,10.406106209566,-0.0967735785124343,0.923031519541823,0.98514607473501,-5.74574894145242
MAPKAPK5,0.0110106226115292,8.1214581700989,0.323710223428778,0.746594828782498,0.947718982739939,-5.70251408469031
MDM2,-0.0415948562180795,7.23200814280964,-0.816548059711487,0.415442914031705,0.823142394810966,-5.4484902689199
MDM4,0.0845146650581743,6.77743398968903,1.0335826814258,0.302945072070759,0.762371505681698,-5.26759946919279
MIF,0.104270173710942,9.60887877861787,1.81271257957998,0.0718157986924223,0.512901976184374,-4.27773535667815
MINK1,0.0231282734120111,8.78517392294883,0.41890718403545,0.675865266547537,0.929927543622535,-5.67050214150881
MKI67,-0.0311989497432013,6.04105405866988,-0.6761783931511,0.499937481894125,0.864041040073267,-5.54308733776936
MNT,0.103723655985315,8.70897860833191,2.59072018070591,0.0104936378537241,0.299540757654891,-2.77825486202457
MORC3,-0.0965766702761872,8.10191713245634,-1.77683850763463,0.0775609247011809,0.518324106975396,-4.33479443949849
MRAS,0.0541011908794511,7.06058712701403,1.3592401026509,0.17604953352165,0.656652341358551,-4.91801912940947
MTOR,0.048974629357815,7.61677538612413,1.57321874103107,0.117712021858238,0.584882571929437,-4.63790889594739
MYBL2,0.000940946225012063,7.11739995243231,0.0259004988416509,0.979370097035278,0.995962172937033,-5.74968965540444
MYC,0.0190374942523253,8.50009305686551,0.272899819346534,0.785294336111076,0.958527523104505,-5.71624573872723
NBN,-0.086141691810055,7.9973695049517,-0.946621290680027,0.345308705038995,0.78470407840126,-5.34511150151571
NEK4,-0.085738205800622,7.51367868837092,-1.44626910936373,0.150125632009955,0.624879125437665,-4.80887851786992
NFATC1,0.0416242005412739,7.96871360416872,1.20502754883142,0.230033606135364,0.712494606004764,-5.09518120791874
NFATC3,-0.044868480785949,8.21891028380429,-0.725140470017618,0.469461774782417,0.847086615742108,-5.51209618145441
NFATC4,-0.00415102426159386,7.0062357860005,-0.139840660004305,0.888967865084233,0.977324475136208,-5.74113047308638
NFKB1,0.0822902723130916,9.05976394003439,1.87378910919895,0.0628463411421151,0.491875471664536,-4.17809002146303
NOL9,-0.0593831403752496,8.16757027341159,-1.49637744299244,0.136593586543558,0.61158852833027,-4.74305797648875
NPM1,0.108454520653487,7.59301414281768,1.21272856030966,0.227083091194333,0.709890384184086,-5.08682856203647
NRAS,-0.06870220419977,8.6549759416779,-1.11362465079575,0.267168293698534,0.738107300131297,-5.19033200247815
NUAK1,0.00330186422559464,5.9314706144437,0.104204787236113,0.917141869208815,0.984203875470751,-5.74507202690077
NUP62,0.0373383214212026,8.18591558496658,1.03071739586583,0.304282818862302,0.763152874052113,-5.27026030615006
OPA1,0.010135341431881,7.45416222935072,0.220640163046356,0.82566367825847,0.965289700335966,-5.72793144880965
PAWR,-0.0724638129099615,5.58008873367689,-2.03881684878909,0.0431715355695917,0.44141503772076,-3.89320099317782
PHC1,-0.0157752759102472,6.70538780712779,-0.257328442247856,0.79726734585368,0.960138407855511,-5.71998623348985
PHC2,0.0473351705160088,8.8059238379287,1.20810470221884,0.228851360214449,0.712010508215534,-5.091849927367
PHC3,-0.063580548571708,7.93341432446298,-1.3399659146274,0.18222215882062,0.662206015044441,-4.94129869252839
PIK3CA,-0.0419005048932046,7.41048779726873,-0.601714072460696,0.548245660041786,0.88347274385145,-5.58609399292014
PIK3CB,-0.0132086527775126,8.2406751200484,-0.263941448618598,0.792176463574666,0.958936820182393,-5.7184244955579
PIK3CD,0.0496470236488644,9.19467958440188,1.12097446103276,0.264036601286048,0.735945512721134,-5.18295309577891
PIK3R1,-0.154115436512528,8.38326595719601,-1.95206521822902,0.0527368838605989,0.466977957247281,-4.04579831065486
PIK3R2,0.0969758149311684,7.41756233678954,2.41828449481009,0.0167560022377924,0.342649445393088,-3.1529684441768
PIK3R3,-0.0194347887459081,6.00778572073095,-0.564809457582775,0.573021826110674,0.894376193909851,-5.60556014768069
PLA2R1,-0.011989819762789,4.90885965542736,-0.647964764743401,0.517968687741248,0.870889591244906,-5.55996833098105
PLK2,-0.000401055016935103,5.17369682196987,-0.0123655114017949,0.990149940177138,0.998078497457619,-5.74992441646761
PML,-0.0263434771918218,7.55352343187724,-0.733480171604533,0.464376186685791,0.845316914255577,-5.50660318241759
POT1,-0.0334783397836418,6.56366235995669,-0.420897580736249,0.674414274968932,0.929772575698718,-5.66974543025857
PPID,0.0515463075562801,7.75138410783847,0.888600048833775,0.375598254043075,0.8040568754375,-5.39308882838621
PPP1CA,0.0330239983604557,10.8964905557634,0.819745600896112,0.413622881478075,0.821916334275687,-5.44612994734437
PPP1CB,-0.190803715628027,9.33179760560589,-2.5439119297891,0.0119428299316669,0.312285150575382,-2.88230065636774
PPP1CC,-0.0306852207447506,10.5860028587541,-0.307113837279122,0.75916992737335,0.951999766655365,-5.70725618577117
PPP3CA,-0.119547633894641,9.22261686325737,-2.92315424179341,0.0039855995881752,0.246572415828602,-1.99032259899971
PPP3CB,-0.00645382595391553,7.88394131613801,-0.14803687087697,0.882506532093641,0.976279617284911,-5.74006113957519
PPP3CC,-0.0363230024199712,6.38659575369716,-0.635202978870826,0.52623486762062,0.8765844539543,-5.56736918331409
PRELP,0.0684654242098821,7.46467194544253,1.93997474553511,0.0542024566982985,0.469660310118637,-4.06656724276552
PRKCD,-0.00274291585463438,10.49529132096,-0.0419704902536139,0.966576366917212,0.992457653809829,-5.74919528511028
PSD,0.0271268475225508,6.31414475843279,1.0507954806458,0.294991938529028,0.756662158795641,-5.25146177664579
PTEN,0.086100802801619,9.82215924481658,1.68462586562748,0.0940780623417647,0.548649670333804,-4.47644993941073
QTRT1,0.0976940239548449,7.72178259076523,1.99340056723719,0.0479765034287477,0.455325721429755,-3.97387058207613
RABAC1,-0.0159650460552943,9.21681760849526,-0.341782804431987,0.732978393929648,0.942844032899939,-5.6970668258836
RAD1,0.0417086572257848,7.17864418508571,1.18396644035408,0.238243134672477,0.718288253995584,-5.11775817525083
RAD50,-0.025032514135952,6.74101982061185,-0.486909115571481,0.627012204796087,0.91249882011443,-5.64262288442025
RAD9A,0.031984082813743,8.10526966205215,0.667800330984066,0.505256523541088,0.866223266407489,-5.54817478478911
RAF1,0.0302039211776428,9.39661515651482,1.02117758380291,0.308765283326634,0.764948603294523,-5.27906697315166
RB1,-0.170080294391289,8.47409506243788,-1.89240603174404,0.0603058479446181,0.483681409707273,-4.14709212656869
RBBP4,0.124178740870679,7.64643105170816,1.56523417754302,0.119572197895129,0.588532661980282,-4.64907175399767
RBBP7,0.0258618201110536,9.13256004183994,0.531388666782203,0.595911974919026,0.90226681791568,-5.62213060691177
RBL1,-0.0438011076244686,5.82206354545086,-0.965557278514983,0.335773409092015,0.780659115275909,-5.32880511086369
RBL2,-0.0767981178699504,8.66110532030955,-1.1321906511194,0.259306907079796,0.733550229302111,-5.17160061535156
RELA,0.0142851104361341,9.22772366898503,0.390544611733004,0.696671376454361,0.934576236157165,-5.68089623942528
RHEB,-0.0718307984843261,6.38331667067652,-0.97362218353492,0.331764760803774,0.777719926793129,-5.32176338542152
RING1,0.054588233804175,8.71557074971054,1.1624200069895,0.246855788649001,0.722857171121157,-5.14045152910737
RNF2,-0.185650771038321,6.61210752275859,-2.33889745544587,0.0206203681024015,0.35516058885877,-3.31750794206396
RPS6KA1,-0.00569121720533516,9.74512449020723,-0.149894574538273,0.881043126137122,0.976162729258292,-5.73981030894515
RPS6KA2,-0.0464160314721447,7.00028351070672,-1.50037142464329,0.135557259954012,0.610392463312796,-4.73771815363754
RPS6KA3,-0.107251996998512,8.73142097668606,-1.5094756015251,0.133217906030667,0.60549314646404,-4.72549465381307
RRAS,-0.161543871420449,8.69956576376391,-1.73082535685312,0.0854777067128211,0.531138475287725,-4.40638300408451
RRAS2,0.0330335664099017,7.3538086391564,0.51427539326998,0.607793662497204,0.907116872365403,-5.63022600248815
RSL1D1,0.0284501942372319,8.89581753991475,0.303859162637542,0.761643677429744,0.952337453056458,-5.70815692244378
SCMH1,-0.0720435883103043,7.47231506107044,-2.53793013326121,0.0121403926762281,0.312285150575382,-2.89547254026469
SERPINE1,-0.0236782682706211,6.80100453812272,-0.51100123850419,0.610079002512496,0.907695423491827,-5.63174475083816
SIRT1,-0.144263439831625,7.84231968465044,-2.6500167324665,0.00888546472717616,0.287650729826717,-2.64397944563535
SIRT6,0.0416405796213191,8.18331624829681,1.08123399075409,0.281276402907582,0.747378123447185,-5.22228243601999
SLC25A31,0.0347697113319176,4.49525529199709,1.43108109386746,0.154424847731379,0.631125446844493,-4.82839935922111
SLC25A4,-0.0444192839142898,6.49785856724496,-1.4716061886282,0.143159471748776,0.614948848858187,-4.77586827604162
SLC30A10,0.0277441008758093,5.91189226854905,0.952948271991702,0.342103514352138,0.78416197348607,-5.3396985975174
SMAD2,-0.0562940444758837,8.64964167916579,-1.19214030847281,0.235032533613876,0.717820094037133,-5.1090423164841
SMAD3,-0.0216271911136339,8.03862270254777,-0.702255706420758,0.483575453578572,0.855716627336488,-5.52684905463401
SMC5,-0.0141397102077683,7.70535056656012,-0.259883827080277,0.795299091650974,0.959600154993377,-5.71938744286995
SMC6,0.0253467706136199,6.77023511525081,0.416850333829536,0.677365980814143,0.930649870208087,-5.67128035794374
SP1,-0.163859212043088,8.61552380137632,-2.29952148007595,0.0228133706174368,0.363081532279723,-3.39723568579659
SPI1,0.0449078258952937,10.0815981375938,0.502278555387767,0.616186099707074,0.909011618327003,-5.63574368110501
SQSTM1,-0.0142913974443655,9.00483308037194,-0.462505140068559,0.644369262665635,0.917905874616961,-5.65310808867019
SRF,0.0446492412362893,8.22468238537791,1.7118934567741,0.0889210939057952,0.538081649444114,-4.43531530980403
STAT3,-0.0221462883572006,10.4528727210042,-0.677255854821111,0.499255609917502,0.863899920825364,-5.54242849264251
SUZ12,-0.0841188559541006,8.74114166944193,-1.20862773258932,0.228650846391393,0.711586042132856,-5.09128287506303
TBX2,0.029209799241757,6.75533330843887,1.10338280397339,0.271575122802802,0.742568373209138,-5.20053485632543
TBX3,0.0447037780062169,5.94185792990022,1.44305717192596,0.151027052937422,0.625981484067611,-4.81302343594577
TERF1,-0.0251966464688955,7.43579383307092,-0.762812888298324,0.446737104871827,0.837226803796922,-5.48678794152319
TERF2,-0.0110069061945666,8.45285485720231,-0.471485148438545,0.637958873255843,0.915705187258646,-5.64931229622836
TERF2IP,-0.0276697089124944,8.88162028366306,-0.662566796187119,0.50859438683427,0.86744450215608,-5.55132078396126
TERT,0.0326387335961114,7.56056551088521,0.765038669315677,0.445414538344056,0.836629381302487,-5.48525289605808
TFDP1,-0.0895757196363203,8.60554691993747,-1.25848522784908,0.210113115086768,0.693889730298511,-5.0361263360489
TFDP2,0.132931032227868,6.75876208958103,2.32559594179654,0.0213394852588676,0.36066003700832,-3.34458074947166
TGFB1,-0.0224099011985164,9.49708380236897,-0.388320130195953,0.698313243190249,0.934576236157165,-5.68168071445703
TGFB2,-0.00828091495347216,5.93889641942695,-0.196128229008977,0.844767312988366,0.969017410789492,-5.73256052296815
TGFB3,0.0281084549497272,6.89530856751585,1.10346877754356,0.271537922373802,0.742568373209138,-5.20044959563768
TGFBR1,-0.0381123739199136,7.73632511978225,-0.694536630617785,0.488387949519757,0.858214874421171,-5.53171928685831
TGFBR2,0.000801351027391206,9.3853239207764,0.0292743135710826,0.976683561333519,0.994962776609853,-5.74960527996736
THBS4,0.0338835985975505,6.57922336805081,1.19722036851457,0.233052795919718,0.715459841275241,-5.10359579959653
TINF2,-0.0617993343830641,9.37963395816733,-2.00129237996705,0.047110364976206,0.450986147955911,-3.95997607887276
TNIK,0.0163634670203026,7.02182477836471,0.231423475993851,0.817291777133704,0.964687838344881,-5.72572267989477
TNRC6B,-0.0465848933966786,8.15737808570227,-1.10342094559914,0.271558618634961,0.742568373209138,-5.20049703177117
TP53,-0.188751462931538,8.27357083070281,-2.3426282355418,0.0204225414235385,0.35516058885877,-3.30988897829472
TP63,0.0605394263506716,5.74796600156123,3.2653139809769,0.00134651393934498,0.188934647598923,-1.09219600827903
TRAF3IP2,0.00879550506246307,6.91586265817609,0.342001209949758,0.732814348301069,0.942844032899939,-5.69699918985719
TRPV4,-0.0598398405862364,6.87730629136027,-1.74447550871197,0.0830631276000311,0.527750551978012,-4.38533328216482
TSC1,-0.00323517614164892,8.05134070949178,-0.0754552584006996,0.939950025864476,0.98771695724417,-5.74741308927509
TSC2,-0.0101692599937255,7.56840335745857,-0.315843013133914,0.752547564743843,0.949362435686848,-5.70479305200738
TWIST1,0.0226947421156787,6.27111243741814,0.849497921018052,0.396917577685019,0.814765089402921,-5.42372984914588
UBA52,0.0195052668663447,13.3172731991418,0.574478870479534,0.566478592319776,0.89128546483629,-5.60057831548441
UBB,0.171741150390821,12.400220236187,2.22480096917948,0.0275424239990158,0.383364988317783,-3.5450720423902
UBC,0.0362572313128453,13.2442945456775,0.997934553094899,0.319870151354817,0.773842950169989,-5.30018590078826
UBE2C,0.0110177928096089,7.11431160316158,0.292653705691983,0.770179184803515,0.955125063977103,-5.71118474915278
UBE2D1,-0.322525778946183,8.31514056936191,-2.73798437020859,0.00690709723199015,0.273660190739828,-2.4397291219027
UBE2E1,-0.166657781073894,9.67453395417097,-4.49116405878532,1.37847032987322e-05,0.0372791786947919,2.78961184062129
UBN1,0.0658422565809502,8.14498195898303,1.66674038514571,0.0975902704207607,0.554292768671165,-4.50308666363522
VASH1,0.056496557009015,7.18079942702728,0.965000945927839,0.336051089417755,0.780814099369165,-5.32928873157234
VDAC1,-0.00581642157616002,8.79304923267477,-0.0848142472149739,0.932518776208311,0.986396770758239,-5.74673323437686
VDAC2,0.0574468885342458,8.37331995168526,1.07738233256298,0.282987394558933,0.749210686683331,-5.22602005749048
VDAC3,0.0243595357129962,10.0905594314743,0.322627123061034,0.747413461752509,0.947718982739939,-5.70283115962262
VENTX,0.170974906846142,8.21955811116586,2.71550419371641,0.00737053335205151,0.273998147633174,-2.49249657600352
WNT1,0.123802828553406,6.58515091718421,3.18740764894342,0.00173739645038962,0.192741288618286,-1.30426707008739
WNT16,-0.00890049603374532,6.43418102331801,-0.321693798007493,0.748119121845253,0.947718982739939,-5.70310353705332
WRN,-0.0159769398999074,6.09801815210934,-0.34808218314119,0.728251867495502,0.941403512836409,-5.69509870901311
YBX1,0.0350104840078238,7.30085549229854,0.478778255862611,0.632772691483146,0.914596436470668,-5.64617600520614
ZFP36L1,-0.0972278982785628,8.87795740959227,-2.13699098923316,0.0341715203890855,0.413858311012658,-3.712982679867
ZFP36L2,-0.0078436547967673,11.1310963313221,-0.12341912258424,0.901935489101894,0.980278570179444,-5.7430897730575
ZKSCAN3,0.0166677426485276,6.53934932177101,0.492222278406024,0.62326031586821,0.911455623258344,-5.64026886018556
ZMIZ1,-0.0604621911968692,9.52983886041026,-1.24091935721636,0.216514866893435,0.699653295995396,-5.05580804188987
ZMPSTE24,-0.0137604960872011,8.97574056755573,-0.137579667501582,0.890751607645372,0.977324475136208,-5.7414147452252
ZNF277,-0.00542640207351308,7.9143708281382,-0.0617563870908902,0.950836585500376,0.988897352283868,-5.7482650456968
